{"cameraMode":{"drawMode":0,"name":"Shaded","section":"Shading Mode"},"sceneLighting":true,"audioPlay":false,"sceneViewState":{"showFog":true,"showMaterialUpdate":false,"showSkybox":true,"showFlares":true,"showImageEffects":true,"showParticleSystems":true},"in2DMode":false,"pivot":{"x":0.3574069142341614,"y":-0.14078378677368165,"z":-5.393035888671875},"rotation":{"x":-0.0007353774853982031,"y":-0.9952285289764404,"z":0.09765586256980896,"w":-0.0074927774257957939},"size":16.981849670410158,"orthographic":false}